Year,Cumulative Adopters,New Adopters
2021,14362.218429745853,14362.218429745853
2022,29420.718759326566,15058.500329580713
2023,45120.04050938563,15699.321750059065
2024,61391.05411640928,16271.013607023648
2025,78151.66105470249,16760.60693829321
2026,95308.07611670803,17156.415062005544
2027,112756.67501196254,17448.5988952545
2028,130386.34605973317,17629.671047770637
2029,148081.24194092845,17694.895881195276
2030,165723.79158093734,17642.54964000889
